test,leads,n_units,r_2021,r_Boris,r_Valencia,p_2021,p_Boris,p_Valencia,fisher_p,fdr_q
paired GC~IFS,PRIMARY 1.75+2.75,3,0.1999,0.0994,0.0778,0.0019,0.1723,0.2208,0.0040,
paired GC~IFS,0.75 d,3,0.2028,0.8262,0.1430,0.0131,0.0001,0.1658,0.0000,0.0002
paired GC~IFS,1.75 d,3,0.3855,0.1315,0.1075,0.0003,0.1822,0.2302,0.0010,0.0033
paired GC~IFS,2.75 d,3,0.0143,0.0672,0.0481,0.4412,0.3261,0.3660,0.4358,0.7627
paired GC~IFS,3.75 d,1,-0.1565,,,0.8639,,,0.8639,0.9077
paired GC~IFS,4.75 d,3,0.1819,0.2012,0.2327,0.0637,0.0838,0.0565,0.0127,0.0295
paired GC~IFS,5.75 d,1,-0.1919,,,0.9077,,,0.9077,0.9077
paired GC~IFS,6.75 d,3,0.0059,0.0248,-0.3149,0.4827,0.4242,0.9896,0.7842,0.9077
proj->IFS,PRIMARY 1.75+2.75,3,0.0594,0.0467,0.0926,0.2204,0.3251,0.1804,0.1913,
proj->IFS,0.75 d,3,-0.0173,-0.1568,0.1552,0.5856,0.8641,0.1456,0.5164,0.6685
proj->IFS,1.75 d,3,0.1487,0.1086,0.0927,0.0857,0.2208,0.2641,0.1016,0.5634
proj->IFS,2.75 d,3,-0.0299,-0.0152,0.0924,0.6062,0.5426,0.2638,0.5581,0.6685
proj->IFS,3.75 d,1,-0.0266,,,0.5730,,,0.5730,0.6685
proj->IFS,4.75 d,3,0.1792,0.1548,-0.2829,0.0721,0.1408,0.9748,0.1610,0.5634
proj->IFS,5.75 d,1,-0.1906,,,0.9086,,,0.9086,0.9086
proj->IFS,6.75 d,3,0.1097,-0.1292,-0.2393,0.0905,0.8271,0.9529,0.5083,0.6685
proj->GC,PRIMARY 1.75+2.75,3,0.2995,-0.1724,-0.1313,0.0001,0.9566,0.8998,0.0047,
proj->GC,0.75 d,3,0.0414,-0.1828,-0.3037,0.3150,0.8990,0.9843,0.8622,0.8622
proj->GC,1.75 d,3,0.2206,-0.3911,-0.1134,0.0181,0.9975,0.7760,0.2014,0.2820
proj->GC,2.75 d,3,0.3785,0.0463,-0.1492,0.0001,0.3701,0.8527,0.0021,0.0072
proj->GC,3.75 d,1,0.0176,,,0.4546,,,0.4546,0.5303
proj->GC,4.75 d,3,0.4357,0.2138,-0.7756,0.0004,0.0690,1.0000,0.0018,0.0072
proj->GC,5.75 d,1,0.2655,,,0.0282,,,0.0282,0.0493
proj->GC,6.75 d,3,0.0671,-0.1787,0.4425,0.2026,0.8947,0.0009,0.0078,0.0182
