target,t0,lead,obs_mm,ifs_median_pct,gc_median_pct,r_paired,p_paired,r_proj_ifs,p_null_ifs,r_proj_gc,p_null_gc,mean_cos
ahr_2021,2021-07-13 12:00:00,0.750,75.400,66.339,50.704,0.166,0.248,0.167,0.104,0.275,0.020,-0.000
ahr_2021,2021-07-12 12:00:00,1.750,75.400,39.034,40.997,0.331,0.019,0.120,0.234,0.247,0.134,0.000
ahr_2021,2021-07-11 12:00:00,2.750,75.400,18.960,26.387,0.163,0.257,0.012,0.458,0.299,0.055,-0.000
ahr_2021,2021-07-09 12:00:00,4.750,75.400,4.518,15.848,0.121,0.401,0.209,0.085,0.460,0.005,-0.000
ahr_2021,2021-07-07 12:00:00,6.750,75.400,1.685,6.029,0.089,0.540,0.153,0.184,0.110,0.264,0.000
alzette_2021,2021-07-13 12:00:00,0.750,74.500,48.905,48.568,0.140,0.331,0.099,0.259,-0.082,0.726,0.000
alzette_2021,2021-07-12 12:00:00,1.750,74.500,33.118,40.267,0.410,0.003,0.138,0.204,0.152,0.249,0.000
alzette_2021,2021-07-11 12:00:00,2.750,74.500,17.634,32.153,-0.102,0.481,-0.005,0.498,0.551,0.005,-0.000
alzette_2021,2021-07-10 12:00:00,3.750,74.500,14.014,37.555,-0.156,0.278,-0.027,0.537,0.018,0.468,-0.000
alzette_2021,2021-07-09 12:00:00,4.750,74.500,3.975,12.621,0.093,0.520,0.144,0.169,0.434,0.015,-0.000
alzette_2021,2021-07-08 12:00:00,5.750,74.500,5.265,4.251,-0.192,0.182,-0.191,0.896,0.265,0.035,-0.000
alzette_2021,2021-07-07 12:00:00,6.750,74.500,1.820,5.005,-0.027,0.854,0.065,0.313,-0.027,0.592,0.000
boris_2024,2024-09-12 12:00:00,0.750,95.700,140.832,141.920,0.826,0.000,-0.157,0.836,-0.183,0.831,-0.000
boris_2024,2024-09-11 12:00:00,1.750,95.700,169.345,98.749,0.132,0.363,0.109,0.269,-0.391,1.000,-0.000
boris_2024,2024-09-10 12:00:00,2.750,95.700,117.887,58.196,0.067,0.643,-0.015,0.567,0.046,0.423,-0.000
boris_2024,2024-09-08 12:00:00,4.750,95.700,57.256,109.195,0.201,0.161,0.155,0.169,0.214,0.119,0.000
boris_2024,2024-09-06 12:00:00,6.750,95.700,10.877,41.629,0.025,0.864,-0.129,0.806,-0.179,0.915,0.000
valencia_2024,2024-10-28 12:00:00,0.750,74.500,159.404,83.694,0.143,0.322,0.155,0.104,-0.304,0.930,-0.000
valencia_2024,2024-10-27 12:00:00,1.750,74.500,156.795,79.366,0.108,0.457,0.093,0.308,-0.113,0.716,0.000
valencia_2024,2024-10-26 12:00:00,2.750,74.500,125.517,97.405,0.048,0.740,0.092,0.294,-0.149,0.846,0.000
valencia_2024,2024-10-24 12:00:00,4.750,74.500,64.415,43.645,0.233,0.104,-0.283,0.995,-0.776,1.000,0.000
valencia_2024,2024-10-22 12:00:00,6.750,74.500,2.093,24.889,-0.315,0.026,-0.239,0.910,0.442,0.010,0.000
vesdre_2021,2021-07-13 12:00:00,0.250,107.500,55.467,65.933,0.302,0.033,-0.319,0.995,-0.069,0.692,-0.000
vesdre_2021,2021-07-12 12:00:00,1.250,107.500,42.320,45.776,0.416,0.003,0.187,0.169,0.263,0.080,0.000
vesdre_2021,2021-07-11 12:00:00,2.250,107.500,33.366,38.557,-0.019,0.898,-0.098,0.697,0.285,0.070,0.000
vesdre_2021,2021-07-09 12:00:00,4.250,107.500,6.118,11.305,0.331,0.019,0.185,0.114,0.413,0.015,-0.000
vesdre_2021,2021-07-07 12:00:00,6.250,107.500,2.617,4.979,-0.044,0.760,0.110,0.284,0.118,0.244,0.000
