run,forcing,lead,bound,nse,kge,pde_pct,pte_h
lead_20210713T12,control,0.750,1.000,0.417,0.530,-52.553,7.500
lead_20210712T12,control,1.750,1.000,0.286,0.477,-59.608,6.000
lead_20210711T12,control,2.750,1.000,-0.116,0.311,-72.691,1.500
lead_20210709T12,control,4.750,1.000,-0.619,0.109,-79.934,12.000
lead_20210707T12,control,6.750,1.000,-1.153,-0.664,-92.862,-3.000
lead_20210713T12,optimised,0.750,1.000,0.783,0.747,-24.331,3.000
lead_20210712T12,optimised,1.750,1.000,0.720,0.680,-34.053,6.000
sens05_20210712T12,optimised,1.750,0.500,0.685,0.661,-37.969,6.000
sens20_20210712T12,optimised,1.750,2.000,0.727,0.673,-31.758,1.500
lead_20210711T12,optimised,2.750,1.000,0.657,0.641,-40.740,4.500
lead_20210709T12,optimised,4.750,1.000,0.307,0.481,-59.474,4.500
lead_20210707T12,optimised,6.750,1.000,-1.111,-0.350,-93.442,-16.500
