target,lead,rmse_control,fss10_control,fss20_control,rmse_optimised,fss10_optimised,fss20_optimised,error_reduction_pct,fss10_members_median,fss20_members_median
ahr_2021,0.750,12.300,0.789,0.291,8.048,0.933,0.902,34.574,0.778,0.409
ahr_2021,1.750,13.174,0.756,0.000,9.596,0.913,0.779,27.160,0.779,0.000
ahr_2021,2.750,14.227,0.560,0.000,10.829,0.895,0.414,23.885,0.536,0.000
ahr_2021,4.750,16.794,0.000,0.000,12.046,0.867,0.091,28.269,0.000,0.000
ahr_2021,6.750,18.720,0.000,0.000,17.651,0.000,0.000,5.708,0.000,0.000
alzette_2021,0.750,10.338,0.854,0.358,6.998,0.935,0.852,32.306,0.870,0.346
alzette_2021,1.750,10.671,0.889,0.000,8.077,0.931,0.720,24.311,0.867,0.000
alzette_2021,2.750,12.806,0.698,0.000,8.576,0.922,0.564,33.033,0.643,0.000
alzette_2021,3.750,11.617,0.773,0.000,8.665,0.909,0.591,25.409,0.732,0.000
alzette_2021,4.750,16.148,0.000,0.000,10.469,0.874,0.000,35.169,0.000,0.000
alzette_2021,5.750,17.686,0.000,0.000,12.807,0.487,0.000,27.586,0.000,0.000
alzette_2021,6.750,17.754,0.000,0.000,16.501,0.000,0.000,7.057,0.000,0.000
boris_2024,0.750,6.957,0.804,0.377,6.803,0.831,0.313,2.221,,
boris_2024,1.750,7.994,0.720,0.220,6.843,0.818,0.168,14.406,,
boris_2024,2.750,9.279,0.492,0.004,7.362,0.769,0.137,20.664,,
boris_2024,4.750,10.029,0.411,0.010,8.311,0.606,0.019,17.129,,
boris_2024,6.750,9.210,0.318,0.000,8.075,0.567,0.000,12.329,,
valencia_2024,0.750,8.581,0.534,0.360,7.946,0.625,0.411,7.401,,
valencia_2024,1.750,9.024,0.426,0.157,7.930,0.572,0.378,12.131,,
valencia_2024,2.750,8.845,0.494,0.436,7.985,0.589,0.399,9.724,,
valencia_2024,4.750,10.668,0.273,0.005,10.897,0.342,0.121,-2.146,,
valencia_2024,6.750,9.580,0.045,0.000,8.762,0.510,0.298,8.541,,
vesdre_2021,0.250,9.601,0.810,0.338,7.204,0.898,0.790,24.966,0.808,0.346
vesdre_2021,1.250,10.299,0.767,0.000,8.342,0.854,0.645,18.999,0.758,0.000
vesdre_2021,2.250,11.719,0.660,0.000,9.123,0.847,0.326,22.151,0.607,0.000
vesdre_2021,4.250,14.482,0.000,0.000,11.115,0.768,0.000,23.248,0.000,0.000
vesdre_2021,6.250,15.740,0.000,0.000,14.595,0.000,0.000,7.275,0.000,0.000
