target,system,lead,crps_mm,p_ge50pct,median_pct
ahr_2021,ECMWF ENS (51),0.750,16.860,0.686,67.142
ahr_2021,ECMWF ENS (51),1.250,20.317,0.667,56.675
ahr_2021,ECMWF ENS (51),1.750,33.626,0.353,39.587
ahr_2021,ECMWF ENS (51),2.250,32.184,0.373,36.881
ahr_2021,ECMWF ENS (51),2.750,52.471,0.098,18.958
ahr_2021,ECMWF ENS (51),3.250,52.036,0.059,19.754
ahr_2021,ECMWF ENS (51),3.750,54.010,0.059,14.792
ahr_2021,ECMWF ENS (51),4.250,56.704,0.078,13.704
ahr_2021,ECMWF ENS (51),4.750,64.164,0.039,4.842
ahr_2021,ECMWF ENS (51),5.250,66.122,0.020,3.542
ahr_2021,ECMWF ENS (51),5.750,67.453,0.020,4.670
ahr_2021,ECMWF ENS (51),6.250,70.179,0.000,2.932
ahr_2021,ECMWF ENS (51),6.750,70.496,0.000,1.698
ahr_2021,ECMWF ENS (51),7.250,63.560,0.059,3.343
ahr_2021,GraphCast-EDA (11),0.750,25.834,0.818,62.318
ahr_2021,GraphCast-EDA (11),1.750,36.593,0.545,50.435
ahr_2021,GraphCast-EDA (11),2.750,50.521,0.000,28.510
ahr_2021,GraphCast-EDA (11),3.750,37.331,0.182,45.133
ahr_2021,GraphCast-EDA (11),4.750,60.301,0.000,17.017
ahr_2021,GraphCast-EDA (11),5.750,71.360,0.000,4.029
ahr_2021,GraphCast-EDA (11),6.750,68.422,0.000,5.718
alzette_2021,ECMWF ENS (51),0.750,25.834,0.490,49.484
alzette_2021,ECMWF ENS (51),1.250,29.093,0.451,48.048
alzette_2021,ECMWF ENS (51),1.750,39.959,0.196,33.196
alzette_2021,ECMWF ENS (51),2.250,36.173,0.314,33.478
alzette_2021,ECMWF ENS (51),2.750,52.971,0.039,17.780
alzette_2021,ECMWF ENS (51),3.250,54.750,0.059,16.423
alzette_2021,ECMWF ENS (51),3.750,56.703,0.020,14.181
alzette_2021,ECMWF ENS (51),4.250,57.166,0.039,10.837
alzette_2021,ECMWF ENS (51),4.750,65.709,0.000,4.243
alzette_2021,ECMWF ENS (51),5.250,61.281,0.039,6.755
alzette_2021,ECMWF ENS (51),5.750,65.967,0.000,5.237
alzette_2021,ECMWF ENS (51),6.250,69.453,0.000,3.411
alzette_2021,ECMWF ENS (51),6.750,68.654,0.020,1.934
alzette_2021,ECMWF ENS (51),7.250,62.856,0.059,2.525
alzette_2021,GraphCast-EDA (11),0.750,32.088,0.727,52.079
alzette_2021,GraphCast-EDA (11),1.750,38.830,0.091,45.737
alzette_2021,GraphCast-EDA (11),2.750,44.179,0.000,38.440
alzette_2021,GraphCast-EDA (11),3.750,38.414,0.182,44.526
alzette_2021,GraphCast-EDA (11),4.750,61.330,0.000,13.184
alzette_2021,GraphCast-EDA (11),5.750,71.398,0.000,3.561
alzette_2021,GraphCast-EDA (11),6.750,68.504,0.000,5.245
vesdre_2021,ECMWF ENS (51),0.250,36.912,0.706,55.536
vesdre_2021,ECMWF ENS (51),0.750,41.296,0.529,50.609
vesdre_2021,ECMWF ENS (51),1.250,53.119,0.373,42.743
vesdre_2021,ECMWF ENS (51),1.750,46.796,0.353,41.869
vesdre_2021,ECMWF ENS (51),2.250,60.784,0.157,34.170
vesdre_2021,ECMWF ENS (51),2.750,64.825,0.157,25.923
vesdre_2021,ECMWF ENS (51),3.250,79.588,0.020,13.501
vesdre_2021,ECMWF ENS (51),3.750,82.171,0.078,13.426
vesdre_2021,ECMWF ENS (51),4.250,91.687,0.000,6.230
vesdre_2021,ECMWF ENS (51),4.750,88.611,0.059,5.291
vesdre_2021,ECMWF ENS (51),5.250,94.363,0.020,4.258
vesdre_2021,ECMWF ENS (51),5.750,97.549,0.000,4.035
vesdre_2021,ECMWF ENS (51),6.250,96.393,0.020,2.631
vesdre_2021,ECMWF ENS (51),6.750,89.925,0.020,5.830
vesdre_2021,GraphCast-EDA (11),0.250,37.249,1.000,61.839
vesdre_2021,GraphCast-EDA (11),1.250,52.012,0.364,48.737
vesdre_2021,GraphCast-EDA (11),2.250,59.095,0.000,44.333
vesdre_2021,GraphCast-EDA (11),3.250,74.926,0.000,28.789
vesdre_2021,GraphCast-EDA (11),4.250,92.118,0.000,11.291
vesdre_2021,GraphCast-EDA (11),5.250,103.252,0.000,3.464
vesdre_2021,GraphCast-EDA (11),6.250,100.627,0.000,4.504
