forcing,lead,gauge,nse,nse_lo,nse_hi,kge,kge_lo,kge_hi,peak_m3s,pde_pct,pte_h
control,0.750,Hesperange,0.586,-0.150,0.670,0.606,0.558,0.661,64.894,-47.069,6.000
control,0.750,Livange,0.130,-0.930,0.276,0.366,0.121,0.476,29.211,-70.420,6.000
control,0.750,Pfaffenthal,0.334,-1.171,0.485,0.496,0.410,0.563,62.787,-53.318,18.000
control,0.750,Steinsel,0.620,-0.490,0.721,0.652,0.582,0.718,79.684,-39.404,0.000
control,1.750,Hesperange,0.437,-0.553,0.595,0.537,0.460,0.645,56.102,-54.240,6.000
control,1.750,Livange,0.041,-1.102,0.235,0.333,0.121,0.490,25.383,-74.296,6.000
control,1.750,Pfaffenthal,0.164,-1.812,0.344,0.445,0.358,0.514,51.006,-62.078,12.000
control,1.750,Steinsel,0.500,-0.964,0.633,0.594,0.492,0.680,68.620,-47.817,0.000
control,2.750,Hesperange,-0.036,-2.100,0.214,0.313,0.161,0.432,33.761,-72.462,-6.000
control,2.750,Livange,-0.191,-1.696,-0.029,0.234,0.053,0.367,15.508,-84.296,6.000
control,2.750,Pfaffenthal,-0.306,-3.505,-0.019,0.279,0.178,0.370,34.190,-74.580,6.000
control,2.750,Steinsel,0.068,-2.917,0.362,0.419,0.262,0.534,53.355,-59.426,0.000
control,4.750,Hesperange,-0.512,-3.369,-0.186,0.160,-0.088,0.352,23.342,-80.961,12.000
control,4.750,Livange,-0.602,-2.637,-0.379,-0.009,-0.690,0.221,12.854,-86.983,12.000
control,4.750,Pfaffenthal,-0.847,-5.331,-0.481,0.060,-0.565,0.244,23.923,-82.213,12.000
control,4.750,Steinsel,-0.516,-4.641,-0.094,0.224,-0.242,0.356,40.002,-69.580,12.000
control,6.750,Hesperange,-1.078,-4.851,-0.707,-0.585,-0.989,-0.171,10.466,-91.463,-36.000
control,6.750,Livange,-0.915,-3.403,-0.635,-0.512,-1.917,-0.051,4.121,-95.827,24.000
control,6.750,Pfaffenthal,-1.310,-7.067,-0.832,-0.845,-1.163,-0.379,7.338,-94.544,30.000
control,6.750,Steinsel,-1.308,-8.333,-0.798,-0.714,-1.159,-0.309,13.658,-89.614,-30.000
radar (0.25°),,Hesperange,0.777,0.302,0.863,0.751,0.478,0.888,109.371,-10.791,-6.000
radar (0.25°),,Livange,0.512,-0.416,0.728,0.430,-0.227,0.596,61.254,-37.970,0.000
radar (0.25°),,Pfaffenthal,0.816,0.078,0.884,0.633,0.274,0.839,111.754,-16.911,12.000
radar (0.25°),,Steinsel,0.877,0.543,0.928,0.798,0.678,0.897,112.139,-14.723,-6.000
v3 optimised,0.750,Hesperange,0.837,0.451,0.924,0.769,0.653,0.871,94.028,-23.305,0.000
v3 optimised,0.750,Livange,0.483,-0.376,0.616,0.456,0.149,0.535,53.966,-45.351,0.000
v3 optimised,0.750,Pfaffenthal,0.743,0.092,0.805,0.633,0.433,0.725,97.625,-27.416,12.000
v3 optimised,0.750,Steinsel,0.844,0.386,0.897,0.782,0.732,0.839,96.098,-26.922,-6.000
v3 optimised,2.750,Hesperange,0.844,0.561,0.876,0.760,0.724,0.792,88.607,-27.727,0.000
v3 optimised,2.750,Livange,0.462,-0.270,0.541,0.478,0.131,0.547,46.320,-53.094,0.000
v3 optimised,2.750,Pfaffenthal,0.680,0.045,0.790,0.638,0.515,0.705,85.539,-36.402,12.000
v3 optimised,2.750,Steinsel,0.819,0.335,0.875,0.771,0.692,0.828,90.007,-31.554,12.000
v3 optimised,3.750,Hesperange,0.697,0.124,0.764,0.664,0.627,0.721,72.626,-40.762,0.000
v3 optimised,3.750,Livange,0.253,-0.679,0.367,0.416,0.131,0.516,32.303,-67.288,0.000
v3 optimised,3.750,Pfaffenthal,0.480,-0.724,0.600,0.557,0.499,0.602,69.494,-48.332,18.000
v3 optimised,3.750,Steinsel,0.710,-0.172,0.812,0.700,0.615,0.771,81.544,-37.989,-6.000
v3 optimised,4.750,Hesperange,0.439,-0.584,0.609,0.542,0.461,0.651,56.279,-54.096,6.000
v3 optimised,4.750,Livange,0.022,-1.221,0.225,0.324,0.092,0.493,25.065,-74.618,6.000
v3 optimised,4.750,Pfaffenthal,0.161,-1.812,0.347,0.440,0.339,0.526,53.510,-60.215,12.000
v3 optimised,4.750,Steinsel,0.518,-0.783,0.653,0.603,0.484,0.691,68.117,-48.200,6.000
v3 optimised,5.750,Hesperange,0.740,0.239,0.874,0.714,0.625,0.823,76.657,-37.474,6.000
v3 optimised,5.750,Livange,0.243,-0.674,0.504,0.425,0.151,0.595,34.112,-65.456,6.000
v3 optimised,5.750,Pfaffenthal,0.483,-0.598,0.735,0.578,0.419,0.716,78.699,-41.488,18.000
v3 optimised,5.750,Steinsel,0.729,-0.185,0.830,0.734,0.562,0.816,82.639,-37.156,12.000
v3 optimised,6.750,Hesperange,-1.092,-4.968,-0.734,-0.398,-0.698,-0.170,10.509,-91.428,-36.000
v3 optimised,6.750,Livange,-0.913,-3.660,-0.618,-0.159,-0.617,-0.019,1.614,-98.366,24.000
v3 optimised,6.750,Pfaffenthal,-1.318,-6.919,-0.834,-0.611,-1.189,-0.372,6.656,-95.051,-18.000
v3 optimised,6.750,Steinsel,-1.325,-8.158,-0.856,-0.430,-1.095,-0.234,13.681,-89.597,-30.000
