system,basin,init,lead_days,member,basin_mm,truth_mm
ENS-control,valencia_2024,2024-10-22 12:00:00,6.75,0,0.64,74.5
ENS-control,valencia_2024,2024-10-24 12:00:00,4.75,0,103.67,74.5
ENS-control,valencia_2024,2024-10-26 12:00:00,2.75,0,86.85,74.5
ENS-control,valencia_2024,2024-10-27 12:00:00,1.75,0,125.83,74.5
ENS-control,valencia_2024,2024-10-28 12:00:00,0.75,0,136.02,74.5
ENS,valencia_2024,2024-10-22 12:00:00,6.75,1,0.0,74.5
ENS,valencia_2024,2024-10-22 12:00:00,6.75,2,0.41,74.5
ENS,valencia_2024,2024-10-22 12:00:00,6.75,3,37.42,74.5
ENS,valencia_2024,2024-10-22 12:00:00,6.75,4,1.96,74.5
ENS,valencia_2024,2024-10-22 12:00:00,6.75,5,9.88,74.5
ENS,valencia_2024,2024-10-22 12:00:00,6.75,6,3.28,74.5
ENS,valencia_2024,2024-10-22 12:00:00,6.75,7,2.81,74.5
ENS,valencia_2024,2024-10-22 12:00:00,6.75,8,0.0,74.5
ENS,valencia_2024,2024-10-22 12:00:00,6.75,9,0.18,74.5
ENS,valencia_2024,2024-10-22 12:00:00,6.75,10,0.19,74.5
ENS,valencia_2024,2024-10-22 12:00:00,6.75,11,0.02,74.5
ENS,valencia_2024,2024-10-22 12:00:00,6.75,12,46.25,74.5
ENS,valencia_2024,2024-10-22 12:00:00,6.75,13,76.69,74.5
ENS,valencia_2024,2024-10-22 12:00:00,6.75,14,0.01,74.5
ENS,valencia_2024,2024-10-22 12:00:00,6.75,15,3.04,74.5
ENS,valencia_2024,2024-10-22 12:00:00,6.75,16,0.83,74.5
ENS,valencia_2024,2024-10-22 12:00:00,6.75,17,1.92,74.5
ENS,valencia_2024,2024-10-22 12:00:00,6.75,18,39.46,74.5
ENS,valencia_2024,2024-10-22 12:00:00,6.75,19,18.22,74.5
ENS,valencia_2024,2024-10-22 12:00:00,6.75,20,41.42,74.5
ENS,valencia_2024,2024-10-22 12:00:00,6.75,21,0.79,74.5
ENS,valencia_2024,2024-10-22 12:00:00,6.75,22,0.0,74.5
ENS,valencia_2024,2024-10-22 12:00:00,6.75,23,0.03,74.5
ENS,valencia_2024,2024-10-22 12:00:00,6.75,24,5.62,74.5
ENS,valencia_2024,2024-10-22 12:00:00,6.75,25,0.0,74.5
ENS,valencia_2024,2024-10-22 12:00:00,6.75,26,33.38,74.5
ENS,valencia_2024,2024-10-22 12:00:00,6.75,27,5.33,74.5
ENS,valencia_2024,2024-10-22 12:00:00,6.75,28,0.1,74.5
ENS,valencia_2024,2024-10-22 12:00:00,6.75,29,0.45,74.5
ENS,valencia_2024,2024-10-22 12:00:00,6.75,30,0.58,74.5
ENS,valencia_2024,2024-10-22 12:00:00,6.75,31,27.63,74.5
ENS,valencia_2024,2024-10-22 12:00:00,6.75,32,0.3,74.5
ENS,valencia_2024,2024-10-22 12:00:00,6.75,33,0.0,74.5
ENS,valencia_2024,2024-10-22 12:00:00,6.75,34,0.13,74.5
ENS,valencia_2024,2024-10-22 12:00:00,6.75,35,1.02,74.5
ENS,valencia_2024,2024-10-22 12:00:00,6.75,36,16.8,74.5
ENS,valencia_2024,2024-10-22 12:00:00,6.75,37,0.1,74.5
ENS,valencia_2024,2024-10-22 12:00:00,6.75,38,2.33,74.5
ENS,valencia_2024,2024-10-22 12:00:00,6.75,39,0.35,74.5
ENS,valencia_2024,2024-10-22 12:00:00,6.75,40,0.18,74.5
ENS,valencia_2024,2024-10-22 12:00:00,6.75,41,1.2,74.5
ENS,valencia_2024,2024-10-22 12:00:00,6.75,42,0.22,74.5
ENS,valencia_2024,2024-10-22 12:00:00,6.75,43,3.84,74.5
ENS,valencia_2024,2024-10-22 12:00:00,6.75,44,0.12,74.5
ENS,valencia_2024,2024-10-22 12:00:00,6.75,45,6.7,74.5
ENS,valencia_2024,2024-10-22 12:00:00,6.75,46,19.36,74.5
ENS,valencia_2024,2024-10-22 12:00:00,6.75,47,3.41,74.5
ENS,valencia_2024,2024-10-22 12:00:00,6.75,48,13.89,74.5
ENS,valencia_2024,2024-10-22 12:00:00,6.75,49,40.91,74.5
ENS,valencia_2024,2024-10-22 12:00:00,6.75,50,4.64,74.5
ENS,valencia_2024,2024-10-24 12:00:00,4.75,1,5.76,74.5
ENS,valencia_2024,2024-10-24 12:00:00,4.75,2,2.62,74.5
ENS,valencia_2024,2024-10-24 12:00:00,4.75,3,6.44,74.5
ENS,valencia_2024,2024-10-24 12:00:00,4.75,4,71.41,74.5
ENS,valencia_2024,2024-10-24 12:00:00,4.75,5,48.12,74.5
ENS,valencia_2024,2024-10-24 12:00:00,4.75,6,41.7,74.5
ENS,valencia_2024,2024-10-24 12:00:00,4.75,7,54.29,74.5
ENS,valencia_2024,2024-10-24 12:00:00,4.75,8,63.78,74.5
ENS,valencia_2024,2024-10-24 12:00:00,4.75,9,6.66,74.5
ENS,valencia_2024,2024-10-24 12:00:00,4.75,10,58.74,74.5
ENS,valencia_2024,2024-10-24 12:00:00,4.75,11,20.49,74.5
ENS,valencia_2024,2024-10-24 12:00:00,4.75,12,23.8,74.5
ENS,valencia_2024,2024-10-24 12:00:00,4.75,13,92.14,74.5
ENS,valencia_2024,2024-10-24 12:00:00,4.75,14,40.75,74.5
ENS,valencia_2024,2024-10-24 12:00:00,4.75,15,140.0,74.5
ENS,valencia_2024,2024-10-24 12:00:00,4.75,16,16.52,74.5
ENS,valencia_2024,2024-10-24 12:00:00,4.75,17,14.49,74.5
ENS,valencia_2024,2024-10-24 12:00:00,4.75,18,103.18,74.5
ENS,valencia_2024,2024-10-24 12:00:00,4.75,19,27.25,74.5
ENS,valencia_2024,2024-10-24 12:00:00,4.75,20,63.77,74.5
ENS,valencia_2024,2024-10-24 12:00:00,4.75,21,0.43,74.5
ENS,valencia_2024,2024-10-24 12:00:00,4.75,22,24.91,74.5
ENS,valencia_2024,2024-10-24 12:00:00,4.75,23,46.93,74.5
ENS,valencia_2024,2024-10-24 12:00:00,4.75,24,55.16,74.5
ENS,valencia_2024,2024-10-24 12:00:00,4.75,25,7.92,74.5
ENS,valencia_2024,2024-10-24 12:00:00,4.75,26,26.65,74.5
ENS,valencia_2024,2024-10-24 12:00:00,4.75,27,135.14,74.5
ENS,valencia_2024,2024-10-24 12:00:00,4.75,28,74.18,74.5
ENS,valencia_2024,2024-10-24 12:00:00,4.75,29,31.28,74.5
ENS,valencia_2024,2024-10-24 12:00:00,4.75,30,60.57,74.5
ENS,valencia_2024,2024-10-24 12:00:00,4.75,31,62.98,74.5
ENS,valencia_2024,2024-10-24 12:00:00,4.75,32,88.83,74.5
ENS,valencia_2024,2024-10-24 12:00:00,4.75,33,100.3,74.5
ENS,valencia_2024,2024-10-24 12:00:00,4.75,34,61.97,74.5
ENS,valencia_2024,2024-10-24 12:00:00,4.75,35,82.08,74.5
ENS,valencia_2024,2024-10-24 12:00:00,4.75,36,145.65,74.5
ENS,valencia_2024,2024-10-24 12:00:00,4.75,37,33.73,74.5
ENS,valencia_2024,2024-10-24 12:00:00,4.75,38,26.91,74.5
ENS,valencia_2024,2024-10-24 12:00:00,4.75,39,100.55,74.5
ENS,valencia_2024,2024-10-24 12:00:00,4.75,40,72.77,74.5
ENS,valencia_2024,2024-10-24 12:00:00,4.75,41,82.9,74.5
ENS,valencia_2024,2024-10-24 12:00:00,4.75,42,35.93,74.5
ENS,valencia_2024,2024-10-24 12:00:00,4.75,43,47.91,74.5
ENS,valencia_2024,2024-10-24 12:00:00,4.75,44,64.14,74.5
ENS,valencia_2024,2024-10-24 12:00:00,4.75,45,75.43,74.5
ENS,valencia_2024,2024-10-24 12:00:00,4.75,46,74.06,74.5
ENS,valencia_2024,2024-10-24 12:00:00,4.75,47,31.25,74.5
ENS,valencia_2024,2024-10-24 12:00:00,4.75,48,1.04,74.5
ENS,valencia_2024,2024-10-24 12:00:00,4.75,49,42.16,74.5
ENS,valencia_2024,2024-10-24 12:00:00,4.75,50,12.45,74.5
ENS,valencia_2024,2024-10-26 12:00:00,2.75,1,148.66,74.5
ENS,valencia_2024,2024-10-26 12:00:00,2.75,2,98.09,74.5
ENS,valencia_2024,2024-10-26 12:00:00,2.75,3,50.03,74.5
ENS,valencia_2024,2024-10-26 12:00:00,2.75,4,73.4,74.5
ENS,valencia_2024,2024-10-26 12:00:00,2.75,5,109.78,74.5
ENS,valencia_2024,2024-10-26 12:00:00,2.75,6,142.81,74.5
ENS,valencia_2024,2024-10-26 12:00:00,2.75,7,175.5,74.5
ENS,valencia_2024,2024-10-26 12:00:00,2.75,8,158.97,74.5
ENS,valencia_2024,2024-10-26 12:00:00,2.75,9,110.22,74.5
ENS,valencia_2024,2024-10-26 12:00:00,2.75,10,127.98,74.5
ENS,valencia_2024,2024-10-26 12:00:00,2.75,11,75.18,74.5
ENS,valencia_2024,2024-10-26 12:00:00,2.75,12,89.64,74.5
ENS,valencia_2024,2024-10-26 12:00:00,2.75,13,136.14,74.5
ENS,valencia_2024,2024-10-26 12:00:00,2.75,14,82.44,74.5
ENS,valencia_2024,2024-10-26 12:00:00,2.75,15,67.07,74.5
ENS,valencia_2024,2024-10-26 12:00:00,2.75,16,118.01,74.5
ENS,valencia_2024,2024-10-26 12:00:00,2.75,17,122.44,74.5
ENS,valencia_2024,2024-10-26 12:00:00,2.75,18,90.15,74.5
ENS,valencia_2024,2024-10-26 12:00:00,2.75,19,51.54,74.5
ENS,valencia_2024,2024-10-26 12:00:00,2.75,20,80.18,74.5
ENS,valencia_2024,2024-10-26 12:00:00,2.75,21,128.42,74.5
ENS,valencia_2024,2024-10-26 12:00:00,2.75,22,98.76,74.5
ENS,valencia_2024,2024-10-26 12:00:00,2.75,23,120.78,74.5
ENS,valencia_2024,2024-10-26 12:00:00,2.75,24,70.73,74.5
ENS,valencia_2024,2024-10-26 12:00:00,2.75,25,59.91,74.5
ENS,valencia_2024,2024-10-26 12:00:00,2.75,26,68.18,74.5
ENS,valencia_2024,2024-10-26 12:00:00,2.75,27,114.8,74.5
ENS,valencia_2024,2024-10-26 12:00:00,2.75,28,116.53,74.5
ENS,valencia_2024,2024-10-26 12:00:00,2.75,29,83.05,74.5
ENS,valencia_2024,2024-10-26 12:00:00,2.75,30,149.77,74.5
ENS,valencia_2024,2024-10-26 12:00:00,2.75,31,85.94,74.5
ENS,valencia_2024,2024-10-26 12:00:00,2.75,32,76.05,74.5
ENS,valencia_2024,2024-10-26 12:00:00,2.75,33,156.62,74.5
ENS,valencia_2024,2024-10-26 12:00:00,2.75,34,59.24,74.5
ENS,valencia_2024,2024-10-26 12:00:00,2.75,35,51.22,74.5
ENS,valencia_2024,2024-10-26 12:00:00,2.75,36,96.97,74.5
ENS,valencia_2024,2024-10-26 12:00:00,2.75,37,73.29,74.5
ENS,valencia_2024,2024-10-26 12:00:00,2.75,38,84.31,74.5
ENS,valencia_2024,2024-10-26 12:00:00,2.75,39,136.51,74.5
ENS,valencia_2024,2024-10-26 12:00:00,2.75,40,63.83,74.5
ENS,valencia_2024,2024-10-26 12:00:00,2.75,41,75.72,74.5
ENS,valencia_2024,2024-10-26 12:00:00,2.75,42,66.55,74.5
ENS,valencia_2024,2024-10-26 12:00:00,2.75,43,126.14,74.5
ENS,valencia_2024,2024-10-26 12:00:00,2.75,44,60.84,74.5
ENS,valencia_2024,2024-10-26 12:00:00,2.75,45,55.29,74.5
ENS,valencia_2024,2024-10-26 12:00:00,2.75,46,130.35,74.5
ENS,valencia_2024,2024-10-26 12:00:00,2.75,47,120.8,74.5
ENS,valencia_2024,2024-10-26 12:00:00,2.75,48,84.99,74.5
ENS,valencia_2024,2024-10-26 12:00:00,2.75,49,121.67,74.5
ENS,valencia_2024,2024-10-26 12:00:00,2.75,50,107.43,74.5
ENS,valencia_2024,2024-10-27 12:00:00,1.75,1,58.95,74.5
ENS,valencia_2024,2024-10-27 12:00:00,1.75,2,86.84,74.5
ENS,valencia_2024,2024-10-27 12:00:00,1.75,3,109.79,74.5
ENS,valencia_2024,2024-10-27 12:00:00,1.75,4,99.16,74.5
ENS,valencia_2024,2024-10-27 12:00:00,1.75,5,76.45,74.5
ENS,valencia_2024,2024-10-27 12:00:00,1.75,6,169.67,74.5
ENS,valencia_2024,2024-10-27 12:00:00,1.75,7,122.32,74.5
ENS,valencia_2024,2024-10-27 12:00:00,1.75,8,143.25,74.5
ENS,valencia_2024,2024-10-27 12:00:00,1.75,9,137.47,74.5
ENS,valencia_2024,2024-10-27 12:00:00,1.75,10,111.35,74.5
ENS,valencia_2024,2024-10-27 12:00:00,1.75,11,135.81,74.5
ENS,valencia_2024,2024-10-27 12:00:00,1.75,12,96.69,74.5
ENS,valencia_2024,2024-10-27 12:00:00,1.75,13,71.88,74.5
ENS,valencia_2024,2024-10-27 12:00:00,1.75,14,102.49,74.5
ENS,valencia_2024,2024-10-27 12:00:00,1.75,15,146.83,74.5
ENS,valencia_2024,2024-10-27 12:00:00,1.75,16,138.18,74.5
ENS,valencia_2024,2024-10-27 12:00:00,1.75,17,163.85,74.5
ENS,valencia_2024,2024-10-27 12:00:00,1.75,18,126.72,74.5
ENS,valencia_2024,2024-10-27 12:00:00,1.75,19,60.33,74.5
ENS,valencia_2024,2024-10-27 12:00:00,1.75,20,96.81,74.5
ENS,valencia_2024,2024-10-27 12:00:00,1.75,21,116.48,74.5
ENS,valencia_2024,2024-10-27 12:00:00,1.75,22,121.25,74.5
ENS,valencia_2024,2024-10-27 12:00:00,1.75,23,132.8,74.5
ENS,valencia_2024,2024-10-27 12:00:00,1.75,24,129.15,74.5
ENS,valencia_2024,2024-10-27 12:00:00,1.75,25,79.61,74.5
ENS,valencia_2024,2024-10-27 12:00:00,1.75,26,64.37,74.5
ENS,valencia_2024,2024-10-27 12:00:00,1.75,27,120.46,74.5
ENS,valencia_2024,2024-10-27 12:00:00,1.75,28,126.92,74.5
ENS,valencia_2024,2024-10-27 12:00:00,1.75,29,168.27,74.5
ENS,valencia_2024,2024-10-27 12:00:00,1.75,30,136.89,74.5
ENS,valencia_2024,2024-10-27 12:00:00,1.75,31,161.98,74.5
ENS,valencia_2024,2024-10-27 12:00:00,1.75,32,117.27,74.5
ENS,valencia_2024,2024-10-27 12:00:00,1.75,33,106.26,74.5
ENS,valencia_2024,2024-10-27 12:00:00,1.75,34,106.7,74.5
ENS,valencia_2024,2024-10-27 12:00:00,1.75,35,105.66,74.5
ENS,valencia_2024,2024-10-27 12:00:00,1.75,36,109.96,74.5
ENS,valencia_2024,2024-10-27 12:00:00,1.75,37,129.69,74.5
ENS,valencia_2024,2024-10-27 12:00:00,1.75,38,115.31,74.5
ENS,valencia_2024,2024-10-27 12:00:00,1.75,39,95.58,74.5
ENS,valencia_2024,2024-10-27 12:00:00,1.75,40,120.27,74.5
ENS,valencia_2024,2024-10-27 12:00:00,1.75,41,94.58,74.5
ENS,valencia_2024,2024-10-27 12:00:00,1.75,42,82.49,74.5
ENS,valencia_2024,2024-10-27 12:00:00,1.75,43,131.94,74.5
ENS,valencia_2024,2024-10-27 12:00:00,1.75,44,90.82,74.5
ENS,valencia_2024,2024-10-27 12:00:00,1.75,45,167.13,74.5
ENS,valencia_2024,2024-10-27 12:00:00,1.75,46,137.02,74.5
ENS,valencia_2024,2024-10-27 12:00:00,1.75,47,98.4,74.5
ENS,valencia_2024,2024-10-27 12:00:00,1.75,48,121.84,74.5
ENS,valencia_2024,2024-10-27 12:00:00,1.75,49,88.34,74.5
ENS,valencia_2024,2024-10-27 12:00:00,1.75,50,124.06,74.5
ENS,valencia_2024,2024-10-28 12:00:00,0.75,1,156.52,74.5
ENS,valencia_2024,2024-10-28 12:00:00,0.75,2,118.35,74.5
ENS,valencia_2024,2024-10-28 12:00:00,0.75,3,110.43,74.5
ENS,valencia_2024,2024-10-28 12:00:00,0.75,4,104.6,74.5
ENS,valencia_2024,2024-10-28 12:00:00,0.75,5,136.95,74.5
ENS,valencia_2024,2024-10-28 12:00:00,0.75,6,154.33,74.5
ENS,valencia_2024,2024-10-28 12:00:00,0.75,7,132.62,74.5
ENS,valencia_2024,2024-10-28 12:00:00,0.75,8,128.92,74.5
ENS,valencia_2024,2024-10-28 12:00:00,0.75,9,80.97,74.5
ENS,valencia_2024,2024-10-28 12:00:00,0.75,10,83.07,74.5
ENS,valencia_2024,2024-10-28 12:00:00,0.75,11,129.57,74.5
ENS,valencia_2024,2024-10-28 12:00:00,0.75,12,129.6,74.5
ENS,valencia_2024,2024-10-28 12:00:00,0.75,13,137.61,74.5
ENS,valencia_2024,2024-10-28 12:00:00,0.75,14,85.87,74.5
ENS,valencia_2024,2024-10-28 12:00:00,0.75,15,91.66,74.5
ENS,valencia_2024,2024-10-28 12:00:00,0.75,16,103.02,74.5
ENS,valencia_2024,2024-10-28 12:00:00,0.75,17,127.53,74.5
ENS,valencia_2024,2024-10-28 12:00:00,0.75,18,126.25,74.5
ENS,valencia_2024,2024-10-28 12:00:00,0.75,19,108.28,74.5
ENS,valencia_2024,2024-10-28 12:00:00,0.75,20,113.43,74.5
ENS,valencia_2024,2024-10-28 12:00:00,0.75,21,119.74,74.5
ENS,valencia_2024,2024-10-28 12:00:00,0.75,22,113.8,74.5
ENS,valencia_2024,2024-10-28 12:00:00,0.75,23,122.37,74.5
ENS,valencia_2024,2024-10-28 12:00:00,0.75,24,91.04,74.5
ENS,valencia_2024,2024-10-28 12:00:00,0.75,25,124.42,74.5
ENS,valencia_2024,2024-10-28 12:00:00,0.75,26,141.73,74.5
ENS,valencia_2024,2024-10-28 12:00:00,0.75,27,104.43,74.5
ENS,valencia_2024,2024-10-28 12:00:00,0.75,28,127.24,74.5
ENS,valencia_2024,2024-10-28 12:00:00,0.75,29,111.33,74.5
ENS,valencia_2024,2024-10-28 12:00:00,0.75,30,119.29,74.5
ENS,valencia_2024,2024-10-28 12:00:00,0.75,31,79.07,74.5
ENS,valencia_2024,2024-10-28 12:00:00,0.75,32,95.08,74.5
ENS,valencia_2024,2024-10-28 12:00:00,0.75,33,127.01,74.5
ENS,valencia_2024,2024-10-28 12:00:00,0.75,34,114.11,74.5
ENS,valencia_2024,2024-10-28 12:00:00,0.75,35,132.27,74.5
ENS,valencia_2024,2024-10-28 12:00:00,0.75,36,132.12,74.5
ENS,valencia_2024,2024-10-28 12:00:00,0.75,37,119.33,74.5
ENS,valencia_2024,2024-10-28 12:00:00,0.75,38,108.71,74.5
ENS,valencia_2024,2024-10-28 12:00:00,0.75,39,117.96,74.5
ENS,valencia_2024,2024-10-28 12:00:00,0.75,40,119.55,74.5
ENS,valencia_2024,2024-10-28 12:00:00,0.75,41,115.3,74.5
ENS,valencia_2024,2024-10-28 12:00:00,0.75,42,106.19,74.5
ENS,valencia_2024,2024-10-28 12:00:00,0.75,43,155.56,74.5
ENS,valencia_2024,2024-10-28 12:00:00,0.75,44,136.47,74.5
ENS,valencia_2024,2024-10-28 12:00:00,0.75,45,109.08,74.5
ENS,valencia_2024,2024-10-28 12:00:00,0.75,46,114.98,74.5
ENS,valencia_2024,2024-10-28 12:00:00,0.75,47,137.66,74.5
ENS,valencia_2024,2024-10-28 12:00:00,0.75,48,115.32,74.5
ENS,valencia_2024,2024-10-28 12:00:00,0.75,49,130.53,74.5
ENS,valencia_2024,2024-10-28 12:00:00,0.75,50,116.59,74.5
ENS-control,boris_2024,2024-09-06 12:00:00,6.75,0,40.23,95.7
ENS-control,boris_2024,2024-09-08 12:00:00,4.75,0,68.61,95.7
ENS-control,boris_2024,2024-09-10 12:00:00,2.75,0,189.86,95.7
ENS-control,boris_2024,2024-09-11 12:00:00,1.75,0,176.45,95.7
ENS-control,boris_2024,2024-09-12 12:00:00,0.75,0,133.59,95.7
ENS,boris_2024,2024-09-06 12:00:00,6.75,1,65.65,95.7
ENS,boris_2024,2024-09-06 12:00:00,6.75,2,54.86,95.7
ENS,boris_2024,2024-09-06 12:00:00,6.75,3,2.88,95.7
ENS,boris_2024,2024-09-06 12:00:00,6.75,4,22.06,95.7
ENS,boris_2024,2024-09-06 12:00:00,6.75,5,4.26,95.7
ENS,boris_2024,2024-09-06 12:00:00,6.75,6,86.72,95.7
ENS,boris_2024,2024-09-06 12:00:00,6.75,7,5.32,95.7
ENS,boris_2024,2024-09-06 12:00:00,6.75,8,7.14,95.7
ENS,boris_2024,2024-09-06 12:00:00,6.75,9,36.61,95.7
ENS,boris_2024,2024-09-06 12:00:00,6.75,10,29.92,95.7
ENS,boris_2024,2024-09-06 12:00:00,6.75,11,11.41,95.7
ENS,boris_2024,2024-09-06 12:00:00,6.75,12,0.22,95.7
ENS,boris_2024,2024-09-06 12:00:00,6.75,13,8.83,95.7
ENS,boris_2024,2024-09-06 12:00:00,6.75,14,5.67,95.7
ENS,boris_2024,2024-09-06 12:00:00,6.75,15,5.62,95.7
ENS,boris_2024,2024-09-06 12:00:00,6.75,16,2.32,95.7
ENS,boris_2024,2024-09-06 12:00:00,6.75,17,7.87,95.7
ENS,boris_2024,2024-09-06 12:00:00,6.75,18,14.84,95.7
ENS,boris_2024,2024-09-06 12:00:00,6.75,19,32.38,95.7
ENS,boris_2024,2024-09-06 12:00:00,6.75,20,14.59,95.7
ENS,boris_2024,2024-09-06 12:00:00,6.75,21,4.69,95.7
ENS,boris_2024,2024-09-06 12:00:00,6.75,22,2.74,95.7
ENS,boris_2024,2024-09-06 12:00:00,6.75,23,35.69,95.7
ENS,boris_2024,2024-09-06 12:00:00,6.75,24,2.65,95.7
ENS,boris_2024,2024-09-06 12:00:00,6.75,25,6.53,95.7
ENS,boris_2024,2024-09-06 12:00:00,6.75,26,2.54,95.7
ENS,boris_2024,2024-09-06 12:00:00,6.75,27,21.9,95.7
ENS,boris_2024,2024-09-06 12:00:00,6.75,28,1.36,95.7
ENS,boris_2024,2024-09-06 12:00:00,6.75,29,25.25,95.7
ENS,boris_2024,2024-09-06 12:00:00,6.75,30,5.64,95.7
ENS,boris_2024,2024-09-06 12:00:00,6.75,31,18.88,95.7
ENS,boris_2024,2024-09-06 12:00:00,6.75,32,4.42,95.7
ENS,boris_2024,2024-09-06 12:00:00,6.75,33,0.25,95.7
ENS,boris_2024,2024-09-06 12:00:00,6.75,34,30.84,95.7
ENS,boris_2024,2024-09-06 12:00:00,6.75,35,17.28,95.7
ENS,boris_2024,2024-09-06 12:00:00,6.75,36,24.98,95.7
ENS,boris_2024,2024-09-06 12:00:00,6.75,37,60.41,95.7
ENS,boris_2024,2024-09-06 12:00:00,6.75,38,2.76,95.7
ENS,boris_2024,2024-09-06 12:00:00,6.75,39,0.23,95.7
ENS,boris_2024,2024-09-06 12:00:00,6.75,40,58.78,95.7
ENS,boris_2024,2024-09-06 12:00:00,6.75,41,1.27,95.7
ENS,boris_2024,2024-09-06 12:00:00,6.75,42,11.56,95.7
ENS,boris_2024,2024-09-06 12:00:00,6.75,43,1.55,95.7
ENS,boris_2024,2024-09-06 12:00:00,6.75,44,34.62,95.7
ENS,boris_2024,2024-09-06 12:00:00,6.75,45,11.13,95.7
ENS,boris_2024,2024-09-06 12:00:00,6.75,46,5.53,95.7
ENS,boris_2024,2024-09-06 12:00:00,6.75,47,24.42,95.7
ENS,boris_2024,2024-09-06 12:00:00,6.75,48,10.87,95.7
ENS,boris_2024,2024-09-06 12:00:00,6.75,49,9.95,95.7
ENS,boris_2024,2024-09-06 12:00:00,6.75,50,25.5,95.7
ENS,boris_2024,2024-09-08 12:00:00,4.75,1,135.85,95.7
ENS,boris_2024,2024-09-08 12:00:00,4.75,2,59.14,95.7
ENS,boris_2024,2024-09-08 12:00:00,4.75,3,64.29,95.7
ENS,boris_2024,2024-09-08 12:00:00,4.75,4,59.56,95.7
ENS,boris_2024,2024-09-08 12:00:00,4.75,5,100.82,95.7
ENS,boris_2024,2024-09-08 12:00:00,4.75,6,43.1,95.7
ENS,boris_2024,2024-09-08 12:00:00,4.75,7,58.86,95.7
ENS,boris_2024,2024-09-08 12:00:00,4.75,8,31.65,95.7
ENS,boris_2024,2024-09-08 12:00:00,4.75,9,27.21,95.7
ENS,boris_2024,2024-09-08 12:00:00,4.75,10,2.85,95.7
ENS,boris_2024,2024-09-08 12:00:00,4.75,11,145.37,95.7
ENS,boris_2024,2024-09-08 12:00:00,4.75,12,72.66,95.7
ENS,boris_2024,2024-09-08 12:00:00,4.75,13,78.1,95.7
ENS,boris_2024,2024-09-08 12:00:00,4.75,14,39.03,95.7
ENS,boris_2024,2024-09-08 12:00:00,4.75,15,36.24,95.7
ENS,boris_2024,2024-09-08 12:00:00,4.75,16,49.09,95.7
ENS,boris_2024,2024-09-08 12:00:00,4.75,17,35.17,95.7
ENS,boris_2024,2024-09-08 12:00:00,4.75,18,44.96,95.7
ENS,boris_2024,2024-09-08 12:00:00,4.75,19,0.54,95.7
ENS,boris_2024,2024-09-08 12:00:00,4.75,20,0.51,95.7
ENS,boris_2024,2024-09-08 12:00:00,4.75,21,74.53,95.7
ENS,boris_2024,2024-09-08 12:00:00,4.75,22,164.88,95.7
ENS,boris_2024,2024-09-08 12:00:00,4.75,23,59.75,95.7
ENS,boris_2024,2024-09-08 12:00:00,4.75,24,19.22,95.7
ENS,boris_2024,2024-09-08 12:00:00,4.75,25,32.03,95.7
ENS,boris_2024,2024-09-08 12:00:00,4.75,26,34.99,95.7
ENS,boris_2024,2024-09-08 12:00:00,4.75,27,67.51,95.7
ENS,boris_2024,2024-09-08 12:00:00,4.75,28,90.56,95.7
ENS,boris_2024,2024-09-08 12:00:00,4.75,29,73.88,95.7
ENS,boris_2024,2024-09-08 12:00:00,4.75,30,66.05,95.7
ENS,boris_2024,2024-09-08 12:00:00,4.75,31,13.93,95.7
ENS,boris_2024,2024-09-08 12:00:00,4.75,32,68.16,95.7
ENS,boris_2024,2024-09-08 12:00:00,4.75,33,74.33,95.7
ENS,boris_2024,2024-09-08 12:00:00,4.75,34,91.45,95.7
ENS,boris_2024,2024-09-08 12:00:00,4.75,35,75.92,95.7
ENS,boris_2024,2024-09-08 12:00:00,4.75,36,30.21,95.7
ENS,boris_2024,2024-09-08 12:00:00,4.75,37,0.94,95.7
ENS,boris_2024,2024-09-08 12:00:00,4.75,38,48.79,95.7
ENS,boris_2024,2024-09-08 12:00:00,4.75,39,136.81,95.7
ENS,boris_2024,2024-09-08 12:00:00,4.75,40,5.36,95.7
ENS,boris_2024,2024-09-08 12:00:00,4.75,41,14.51,95.7
ENS,boris_2024,2024-09-08 12:00:00,4.75,42,50.74,95.7
ENS,boris_2024,2024-09-08 12:00:00,4.75,43,88.75,95.7
ENS,boris_2024,2024-09-08 12:00:00,4.75,44,94.23,95.7
ENS,boris_2024,2024-09-08 12:00:00,4.75,45,4.35,95.7
ENS,boris_2024,2024-09-08 12:00:00,4.75,46,101.79,95.7
ENS,boris_2024,2024-09-08 12:00:00,4.75,47,216.04,95.7
ENS,boris_2024,2024-09-08 12:00:00,4.75,48,43.99,95.7
ENS,boris_2024,2024-09-08 12:00:00,4.75,49,43.26,95.7
ENS,boris_2024,2024-09-08 12:00:00,4.75,50,18.92,95.7
ENS,boris_2024,2024-09-10 12:00:00,2.75,1,86.01,95.7
ENS,boris_2024,2024-09-10 12:00:00,2.75,2,116.82,95.7
ENS,boris_2024,2024-09-10 12:00:00,2.75,3,46.08,95.7
ENS,boris_2024,2024-09-10 12:00:00,2.75,4,126.22,95.7
ENS,boris_2024,2024-09-10 12:00:00,2.75,5,61.93,95.7
ENS,boris_2024,2024-09-10 12:00:00,2.75,6,114.21,95.7
ENS,boris_2024,2024-09-10 12:00:00,2.75,7,123.31,95.7
ENS,boris_2024,2024-09-10 12:00:00,2.75,8,132.09,95.7
ENS,boris_2024,2024-09-10 12:00:00,2.75,9,56.16,95.7
ENS,boris_2024,2024-09-10 12:00:00,2.75,10,104.45,95.7
ENS,boris_2024,2024-09-10 12:00:00,2.75,11,168.25,95.7
ENS,boris_2024,2024-09-10 12:00:00,2.75,12,109.61,95.7
ENS,boris_2024,2024-09-10 12:00:00,2.75,13,58.67,95.7
ENS,boris_2024,2024-09-10 12:00:00,2.75,14,84.81,95.7
ENS,boris_2024,2024-09-10 12:00:00,2.75,15,168.94,95.7
ENS,boris_2024,2024-09-10 12:00:00,2.75,16,122.39,95.7
ENS,boris_2024,2024-09-10 12:00:00,2.75,17,40.48,95.7
ENS,boris_2024,2024-09-10 12:00:00,2.75,18,120.07,95.7
ENS,boris_2024,2024-09-10 12:00:00,2.75,19,70.56,95.7
ENS,boris_2024,2024-09-10 12:00:00,2.75,20,112.72,95.7
ENS,boris_2024,2024-09-10 12:00:00,2.75,21,104.07,95.7
ENS,boris_2024,2024-09-10 12:00:00,2.75,22,93.15,95.7
ENS,boris_2024,2024-09-10 12:00:00,2.75,23,58.57,95.7
ENS,boris_2024,2024-09-10 12:00:00,2.75,24,130.84,95.7
ENS,boris_2024,2024-09-10 12:00:00,2.75,25,83.41,95.7
ENS,boris_2024,2024-09-10 12:00:00,2.75,26,177.25,95.7
ENS,boris_2024,2024-09-10 12:00:00,2.75,27,112.94,95.7
ENS,boris_2024,2024-09-10 12:00:00,2.75,28,80.77,95.7
ENS,boris_2024,2024-09-10 12:00:00,2.75,29,71.6,95.7
ENS,boris_2024,2024-09-10 12:00:00,2.75,30,130.98,95.7
ENS,boris_2024,2024-09-10 12:00:00,2.75,31,56.61,95.7
ENS,boris_2024,2024-09-10 12:00:00,2.75,32,96.77,95.7
ENS,boris_2024,2024-09-10 12:00:00,2.75,33,171.35,95.7
ENS,boris_2024,2024-09-10 12:00:00,2.75,34,0.9,95.7
ENS,boris_2024,2024-09-10 12:00:00,2.75,35,102.65,95.7
ENS,boris_2024,2024-09-10 12:00:00,2.75,36,100.21,95.7
ENS,boris_2024,2024-09-10 12:00:00,2.75,37,141.92,95.7
ENS,boris_2024,2024-09-10 12:00:00,2.75,38,119.78,95.7
ENS,boris_2024,2024-09-10 12:00:00,2.75,39,159.18,95.7
ENS,boris_2024,2024-09-10 12:00:00,2.75,40,168.69,95.7
ENS,boris_2024,2024-09-10 12:00:00,2.75,41,171.0,95.7
ENS,boris_2024,2024-09-10 12:00:00,2.75,42,147.6,95.7
ENS,boris_2024,2024-09-10 12:00:00,2.75,43,114.14,95.7
ENS,boris_2024,2024-09-10 12:00:00,2.75,44,111.4,95.7
ENS,boris_2024,2024-09-10 12:00:00,2.75,45,209.58,95.7
ENS,boris_2024,2024-09-10 12:00:00,2.75,46,56.48,95.7
ENS,boris_2024,2024-09-10 12:00:00,2.75,47,130.49,95.7
ENS,boris_2024,2024-09-10 12:00:00,2.75,48,121.26,95.7
ENS,boris_2024,2024-09-10 12:00:00,2.75,49,89.62,95.7
ENS,boris_2024,2024-09-10 12:00:00,2.75,50,125.02,95.7
ENS,boris_2024,2024-09-11 12:00:00,1.75,1,160.05,95.7
ENS,boris_2024,2024-09-11 12:00:00,1.75,2,232.18,95.7
ENS,boris_2024,2024-09-11 12:00:00,1.75,3,223.57,95.7
ENS,boris_2024,2024-09-11 12:00:00,1.75,4,136.43,95.7
ENS,boris_2024,2024-09-11 12:00:00,1.75,5,72.19,95.7
ENS,boris_2024,2024-09-11 12:00:00,1.75,6,129.85,95.7
ENS,boris_2024,2024-09-11 12:00:00,1.75,7,168.46,95.7
ENS,boris_2024,2024-09-11 12:00:00,1.75,8,91.09,95.7
ENS,boris_2024,2024-09-11 12:00:00,1.75,9,119.72,95.7
ENS,boris_2024,2024-09-11 12:00:00,1.75,10,143.96,95.7
ENS,boris_2024,2024-09-11 12:00:00,1.75,11,167.43,95.7
ENS,boris_2024,2024-09-11 12:00:00,1.75,12,145.34,95.7
ENS,boris_2024,2024-09-11 12:00:00,1.75,13,116.92,95.7
ENS,boris_2024,2024-09-11 12:00:00,1.75,14,148.32,95.7
ENS,boris_2024,2024-09-11 12:00:00,1.75,15,117.37,95.7
ENS,boris_2024,2024-09-11 12:00:00,1.75,16,195.5,95.7
ENS,boris_2024,2024-09-11 12:00:00,1.75,17,123.58,95.7
ENS,boris_2024,2024-09-11 12:00:00,1.75,18,138.51,95.7
ENS,boris_2024,2024-09-11 12:00:00,1.75,19,188.51,95.7
ENS,boris_2024,2024-09-11 12:00:00,1.75,20,171.24,95.7
ENS,boris_2024,2024-09-11 12:00:00,1.75,21,204.29,95.7
ENS,boris_2024,2024-09-11 12:00:00,1.75,22,132.12,95.7
ENS,boris_2024,2024-09-11 12:00:00,1.75,23,154.8,95.7
ENS,boris_2024,2024-09-11 12:00:00,1.75,24,164.11,95.7
ENS,boris_2024,2024-09-11 12:00:00,1.75,25,127.01,95.7
ENS,boris_2024,2024-09-11 12:00:00,1.75,26,128.0,95.7
ENS,boris_2024,2024-09-11 12:00:00,1.75,27,174.68,95.7
ENS,boris_2024,2024-09-11 12:00:00,1.75,28,185.74,95.7
ENS,boris_2024,2024-09-11 12:00:00,1.75,29,85.31,95.7
ENS,boris_2024,2024-09-11 12:00:00,1.75,30,219.92,95.7
ENS,boris_2024,2024-09-11 12:00:00,1.75,31,174.05,95.7
ENS,boris_2024,2024-09-11 12:00:00,1.75,32,246.64,95.7
ENS,boris_2024,2024-09-11 12:00:00,1.75,33,219.82,95.7
ENS,boris_2024,2024-09-11 12:00:00,1.75,34,188.75,95.7
ENS,boris_2024,2024-09-11 12:00:00,1.75,35,184.46,95.7
ENS,boris_2024,2024-09-11 12:00:00,1.75,36,159.15,95.7
ENS,boris_2024,2024-09-11 12:00:00,1.75,37,209.91,95.7
ENS,boris_2024,2024-09-11 12:00:00,1.75,38,75.08,95.7
ENS,boris_2024,2024-09-11 12:00:00,1.75,39,132.71,95.7
ENS,boris_2024,2024-09-11 12:00:00,1.75,40,208.23,95.7
ENS,boris_2024,2024-09-11 12:00:00,1.75,41,90.51,95.7
ENS,boris_2024,2024-09-11 12:00:00,1.75,42,208.24,95.7
ENS,boris_2024,2024-09-11 12:00:00,1.75,43,184.68,95.7
ENS,boris_2024,2024-09-11 12:00:00,1.75,44,191.74,95.7
ENS,boris_2024,2024-09-11 12:00:00,1.75,45,125.9,95.7
ENS,boris_2024,2024-09-11 12:00:00,1.75,46,172.43,95.7
ENS,boris_2024,2024-09-11 12:00:00,1.75,47,142.74,95.7
ENS,boris_2024,2024-09-11 12:00:00,1.75,48,144.2,95.7
ENS,boris_2024,2024-09-11 12:00:00,1.75,49,207.32,95.7
ENS,boris_2024,2024-09-11 12:00:00,1.75,50,227.36,95.7
ENS,boris_2024,2024-09-12 12:00:00,0.75,1,114.51,95.7
ENS,boris_2024,2024-09-12 12:00:00,0.75,2,139.42,95.7
ENS,boris_2024,2024-09-12 12:00:00,0.75,3,145.88,95.7
ENS,boris_2024,2024-09-12 12:00:00,0.75,4,211.82,95.7
ENS,boris_2024,2024-09-12 12:00:00,0.75,5,111.01,95.7
ENS,boris_2024,2024-09-12 12:00:00,0.75,6,152.81,95.7
ENS,boris_2024,2024-09-12 12:00:00,0.75,7,108.65,95.7
ENS,boris_2024,2024-09-12 12:00:00,0.75,8,95.6,95.7
ENS,boris_2024,2024-09-12 12:00:00,0.75,9,186.16,95.7
ENS,boris_2024,2024-09-12 12:00:00,0.75,10,203.81,95.7
ENS,boris_2024,2024-09-12 12:00:00,0.75,11,135.4,95.7
ENS,boris_2024,2024-09-12 12:00:00,0.75,12,86.05,95.7
ENS,boris_2024,2024-09-12 12:00:00,0.75,13,122.34,95.7
ENS,boris_2024,2024-09-12 12:00:00,0.75,14,106.88,95.7
ENS,boris_2024,2024-09-12 12:00:00,0.75,15,75.04,95.7
ENS,boris_2024,2024-09-12 12:00:00,0.75,16,97.95,95.7
ENS,boris_2024,2024-09-12 12:00:00,0.75,17,159.11,95.7
ENS,boris_2024,2024-09-12 12:00:00,0.75,18,112.64,95.7
ENS,boris_2024,2024-09-12 12:00:00,0.75,19,180.11,95.7
ENS,boris_2024,2024-09-12 12:00:00,0.75,20,134.18,95.7
ENS,boris_2024,2024-09-12 12:00:00,0.75,21,213.84,95.7
ENS,boris_2024,2024-09-12 12:00:00,0.75,22,167.98,95.7
ENS,boris_2024,2024-09-12 12:00:00,0.75,23,152.69,95.7
ENS,boris_2024,2024-09-12 12:00:00,0.75,24,182.73,95.7
ENS,boris_2024,2024-09-12 12:00:00,0.75,25,92.94,95.7
ENS,boris_2024,2024-09-12 12:00:00,0.75,26,101.43,95.7
ENS,boris_2024,2024-09-12 12:00:00,0.75,27,63.97,95.7
ENS,boris_2024,2024-09-12 12:00:00,0.75,28,146.77,95.7
ENS,boris_2024,2024-09-12 12:00:00,0.75,29,130.98,95.7
ENS,boris_2024,2024-09-12 12:00:00,0.75,30,115.74,95.7
ENS,boris_2024,2024-09-12 12:00:00,0.75,31,131.86,95.7
ENS,boris_2024,2024-09-12 12:00:00,0.75,32,128.8,95.7
ENS,boris_2024,2024-09-12 12:00:00,0.75,33,140.51,95.7
ENS,boris_2024,2024-09-12 12:00:00,0.75,34,144.03,95.7
ENS,boris_2024,2024-09-12 12:00:00,0.75,35,116.4,95.7
ENS,boris_2024,2024-09-12 12:00:00,0.75,36,94.3,95.7
ENS,boris_2024,2024-09-12 12:00:00,0.75,37,148.46,95.7
ENS,boris_2024,2024-09-12 12:00:00,0.75,38,146.92,95.7
ENS,boris_2024,2024-09-12 12:00:00,0.75,39,195.62,95.7
ENS,boris_2024,2024-09-12 12:00:00,0.75,40,145.22,95.7
ENS,boris_2024,2024-09-12 12:00:00,0.75,41,106.33,95.7
ENS,boris_2024,2024-09-12 12:00:00,0.75,42,157.73,95.7
ENS,boris_2024,2024-09-12 12:00:00,0.75,43,174.23,95.7
ENS,boris_2024,2024-09-12 12:00:00,0.75,44,159.41,95.7
ENS,boris_2024,2024-09-12 12:00:00,0.75,45,89.26,95.7
ENS,boris_2024,2024-09-12 12:00:00,0.75,46,122.95,95.7
ENS,boris_2024,2024-09-12 12:00:00,0.75,47,136.54,95.7
ENS,boris_2024,2024-09-12 12:00:00,0.75,48,117.76,95.7
ENS,boris_2024,2024-09-12 12:00:00,0.75,49,150.81,95.7
ENS,boris_2024,2024-09-12 12:00:00,0.75,50,131.78,95.7
